alpha_id,source,source_url,category,tactic,roi_potential,priority,status,applicable_methods,applicable_niches,synergy_score,cross_sell_products,implementation_priority,engagement_authenticity,earnings_verified,extracted_method,compliance_notes,reviewer_notes,created_at
ALPHA248,GitHub,https://github.com/modelcontextprotocol/servers,TOOL_ALPHA,,HIGHEST,,PENDING_REVIEW,,,,,,,,,,TOOL_ALPHA. Unlocks NEW capability - multi-server automation previously impossible. 46.9% context reduction proven. Anthropic innovation.,
ALPHA249,GitHub,https://github.com/topics/ai,TOOL_ALPHA,,HIGHEST,,PENDING_REVIEW,,,,,,,,,,TOOL_ALPHA. NEW capability - AI in CI/CD. Autonomous deployment proven. DevOps transformation.,
ALPHA252,Chrome Extension,https://apidog.com/blog/top-rising-github-projects/,TOOL_ALPHA,,HIGHEST,,PENDING_REVIEW,,,,,,,,,,TOOL_ALPHA. Unlocks NEW capability - no-code browser automation via AI. Replaces Selenium/Playwright for simple tasks.,
ALPHA251,GitHub,https://www.builder.io/blog/best-ai-tools-2026,TOOL_ALPHA,,HIGH,,PENDING_REVIEW,,,,,,,,,,TOOL_ALPHA. NEW capability - autonomous code review. Catches issues humans miss. Security + quality automation.,
ALPHA253,GitHub,https://medium.com/@lssmj2014/github-trending-january-7-2026-microsofts-1-bit-llm-revolution-e5be48d4c3aa,TOOL_ALPHA,,HIGHEST,,PENDING_REVIEW,,,,,,,,,,TOOL_ALPHA. Unlocks NEW capability - consumer-grade local LLMs. Cost + privacy breakthrough. Paradigm shift proven by 766 stars/day.,
ALPHA255,n8n,https://www.producthunt.com/products,TOOL_ALPHA,,HIGHEST,,PENDING_REVIEW,,,,,,,,,,TOOL_ALPHA. Unlocks NEW capability - AI-native workflow automation. 160K stars = proven. Self-hosting = cost control.,
ALPHA263,TikTok Algorithm Research,https://buffer.com/resources/tiktok-algorithm/,CONTENT_FARM,,HIGHEST,,PENDING_REVIEW,,,,,,,,,,CONTENT_FARM. Major algo shift 2026. Completion rate threshold increased. Follower-first testing changes posting strategy.,
ALPHA264,TikTok Algorithm Research,https://www.socialync.io/blog/tiktok-algorithm-secrets-2026,CONTENT_FARM,,HIGH,,PENDING_REVIEW,,,,,,,,,,CONTENT_FARM. Actionable simple tactic. First hour determines distribution. Active creator signal key.,
ALPHA265,TikTok Trends Jan 2026,https://www.kapwing.com/resources/january-2026-tiktok-trends-for-creators-brands/,CONTENT_FARM,,HIGH,,PENDING_REVIEW,,,,,,,,,,CONTENT_FARM. Viral trend Jan 2026. Systems vs outcomes messaging resonates. Accountability content.,
ALPHA266,YouTube Shorts Algorithm,https://miraflow.ai/blog/youtube-shorts-algorithm-update-january-2026,CONTENT_FARM,,HIGH,,PENDING_REVIEW,,,,,,,,,,CONTENT_FARM. Major platform change Jan 2026. Search SEO now matters for Shorts. 50-60 sec sweet spot.,
ALPHA267,YouTube Shorts Algorithm,https://vidiq.com/blog/post/youtube-shorts-algorithm/,CONTENT_FARM,,HIGH,,PENDING_REVIEW,,,,,,,,,,CONTENT_FARM. Specific posting frequency proven. 18-22/month = top creator benchmark. Trending audio first 5 sec.,
ALPHA268,Instagram Reels Algorithm,https://www.clixie.ai/blog/instagram-algorithm-tips-for-2026-everything-you-need-to-know,CONTENT_FARM,,HIGHEST,,PENDING_REVIEW,,,,,,,,,,CONTENT_FARM. DM shares = new priority metric. Watch time still #1. First 2 seconds critical.,
ALPHA269,Instagram Reels Algorithm,https://www.whyoptimize.com/instagram-algorithm-2026,CONTENT_FARM,,HIGH,,PENDING_REVIEW,,,,,,,,,,CONTENT_FARM. Originality Score = new penalty system. Remove TikTok watermarks. 3-5/week optimal.,
ALPHA270,Faceless YouTube Revenue,https://www.nexlev.io/faceless-youtube-channel-profitable,CONTENT_FARM,,HIGHEST,,PENDING_REVIEW,,,,,,,,,,CONTENT_FARM. TikTok Creator Rewards 10x payout increase. Multiple revenue streams critical. Sponsorships > AdSense.,
ALPHA271,Content Repurposing,https://koanthic.com/en/content-repurposing-ai-complete-multi-channel-guide-2026/,CONTENT_FARM,,HIGHEST,,PENDING_REVIEW,,,,,,,,,,CONTENT_FARM. 1-to-20 repurposing = 2026 standard. Hub-and-spoke model. AI automation required.,
ALPHA272,Faceless YouTube Niches,https://shortvids.co/faceless-youtube-channel-monetization-methods/,CONTENT_FARM,,HIGHEST,,PENDING_REVIEW,,,,,,,,,,CONTENT_FARM. Stacked monetization = sustainable income. CPM varies wildly by niche. Sponsorships highest ROI.,
ALPHA273,TikTok Search Optimization,https://www.agorapulse.com/blog/tiktok/tiktok-algorithm/,CONTENT_FARM,,HIGH,,PENDING_REVIEW,,,,,,,,,,CONTENT_FARM. TikTok search = major shift. Text overlays boost discoverability. Tutorials winning.,
ALPHA274,Instantly.ai,https://instantly.ai/cold-email-benchmark-report-2026,OUTBOUND,,HIGHEST,,PENDING_REVIEW,,,,,,,,,,Inbox placement shifted from opens to engagement depth. HIGHEST priority update.,
ALPHA275,Saleshandy,https://www.saleshandy.com/blog/cold-email-strategy/,OUTBOUND,,HIGHEST,,PENDING_REVIEW,,,,,,,,,,Intent-based timing 2-4x reply rate. Timing > volume.,
ALPHA276,Mailshake,https://mailshake.com/blog/the-ultimate-2026-cold-email-deliverability-checklist/,OUTBOUND,,HIGH,,PENDING_REVIEW,,,,,,,,,,Gmail warns users about tracking. Disable completely.,
ALPHA278,Mailshake,https://mailshake.com/blog/the-state-of-cold-email-2025/,OUTBOUND,,HIGHEST,,PENDING_REVIEW,,,,,,,,,,Step 1 = 58% of replies. Prioritize first email quality.,
ALPHA279,Saleshandy,https://www.saleshandy.com/blog/cold-email-ai/,OUTBOUND,,HIGHEST,,PENDING_REVIEW,,,,,,,,,,80/20 split AI research / human strategy. Automation at scale.,
ALPHA280,Saleshandy,https://www.saleshandy.com/blog/how-to-personalize-cold-emails/,OUTBOUND,,HIGHEST,,PENDING_REVIEW,,,,,,,,,,First name tokens = spam. Business context = replies.,
ALPHA281,Smartlead,https://www.smartlead.ai/blog/cold-email-outreach-best-practices,OUTBOUND,,HIGH,,PENDING_REVIEW,,,,,,,,,,Too polished = AI flag. Casual beats perfect.,
ALPHA282,MailReach,https://www.mailreach.co/email-warmup,OUTBOUND,,HIGHEST,,PENDING_REVIEW,,,,,,,,,,Timeline increased from 7-14 to 14-21 days in 2026.,
ALPHA283,Warmup Inbox,https://www.warmupinbox.com/,OUTBOUND,,HIGH,,PENDING_REVIEW,,,,,,,,,,Network size matters. 500+ peer warmup networks win.,
ALPHA284,TrulyInbox,https://www.trulyinbox.com/blog/cold-email-strategy/,OUTBOUND,,HIGH,,PENDING_REVIEW,,,,,,,,,,Volume consistency > volume size. Daily patterns matter.,
ALPHA285,Saleshandy,https://www.saleshandy.com/blog/email-deliverability/,OUTBOUND,,HIGHEST,,PENDING_REVIEW,,,,,,,,,,Protect main domain. Subdomains for cold mandatory.,
ALPHA286,EmailChaser,https://www.emailchaser.com/learn/how-to-improve-your-cold-email-deliverability,OUTBOUND,,HIGH,,PENDING_REVIEW,,,,,,,,,,Brevity = respect. 4-6 lines sweet spot. (Overlaps ALPHA216 but adds line count),
ALPHA287,Saleshandy,https://www.saleshandy.com/blog/ai-email-personalization-tools/,OUTBOUND,,HIGH,,PENDING_REVIEW,,,,,,,,,,2026 tool landscape. Update EMAIL_TOOLS_COMPARISON.md.,
ALPHA288,Clay Blog,https://www.clay.com/blog/b2b-cold-email-deliverability,OUTBOUND,,HIGHEST,,PENDING_REVIEW,,,,,,,,,,Intent data = qualification. Target active researchers only.,
ALPHA290,BlackHatWorld Case Study,https://www.blackhatworld.com/seo/how-i-made-500-000-in-10-months-an-updated-case-study-of-ai-influencer-business.1733764/,AI_INFLUENCER,,HIGHEST,,PENDING_REVIEW,,,,,,,,,,HIGHEST ROI proof. $500 to $35K/month validated business model. Fanvue > Patreon for revenue. Chatter labor arbitrage key.,
ALPHA292,Fanvue Platform Data,https://www.creatorhero.com/blog/ai-onlyfans-models,AI_INFLUENCER,,HIGH,,PENDING_REVIEW,,,,,,,,,,Platform-specific alpha. Fanvue/Fansly > OnlyFans for AI creators. Disclosure mandatory but accepted.,
ALPHA294,Consumer Skepticism Data,https://goatagency.com/blog/influencer-marketing-trends-2026/,AI_INFLUENCER,,MEDIUM,,PENDING_REVIEW,,,,,,,,,,"Reality check alpha. Brand partnerships difficult. Direct monetization (Fanvue, subscriptions) > sponsorships for AI influencers.",
ALPHA296,Nano Banana UGC Automation,https://n8n.io/workflows/8644-create-high-quality-ugc-images-with-nano-banana-cheaper-and-faster/,AI_INFLUENCER,,HIGHEST,,PENDING_REVIEW,,,,,,,,,,HIGHEST ROI tool alpha. $500+ UGC → pennies. 38% conversion proof. Service opportunity: sell to e-comm brands.,
ALPHA297,Medium SEO Analysis,https://medium.com/@frothose46/google-algorithm-updates-dec-2025-2026-what-really-changed-why-rankings-drop-and-how-to-stay-354b5b772e0b,SEO_GEO_ASO,,HIGH,,PENDING_REVIEW,,,,,,,,,,"Core Web Vitals mandatory. Helpful content = survive, thin content = penalized. E-commerce/news sites most affected.",
ALPHA298,Medium GEO Report,https://medium.com/@riyanaks97/from-seo-to-geo-why-43-more-brands-are-getting-cited-by-chatgpt-in-2026-and-how-you-can-too-acf8d973ad3f,SEO_GEO_ASO,,HIGHEST,,PENDING_REVIEW,,,,,,,,,,HIGHEST ROI GEO tactics. 43% citation increase proof. McKinsey $750B consumer spending forecast validates shift.,
ALPHA299,Averi AI Report,https://www.averi.ai/how-to/chatgpt-vs.-perplexity-vs.-google-ai-mode-the-b2b-saas-citation-benchmarks-report-(2026),SEO_GEO_ASO,,HIGHEST,,PENDING_REVIEW,,,,,,,,,,HIGHEST value insight. 680M citation analysis proves platform-specific strategies required. Reddit = Perplexity gold.,
ALPHA300,Princeton Research via eMarketer,https://searchengineland.com/plan-for-geo-2026-evolve-search-strategy-463399,SEO_GEO_ASO,,HIGHEST,,PENDING_REVIEW,,,,,,,,,,"30-40% visibility boost validated by Princeton research. Low effort, high impact. Tables + citations + stats = AI preference.",
ALPHA301,AppTweak ASO Blog,https://www.apptweak.com/en/aso-blog/aso-trends-to-watch-in-2026,SEO_GEO_ASO,,HIGHEST,,PENDING_REVIEW,,,,,,,,,,70 custom product pages = 2x keyword targeting. Battery optimization now ranking factor. Screenshots > keyword tweaks for conversion.,
ALPHA302,AppInstitute ASO Guide,https://appinstitute.com/app-store-optimization-aso-in-2026/,SEO_GEO_ASO,,HIGH,,PENDING_REVIEW,,,,,,,,,,4.0+ rating = table stakes for featuring. Creative testing > keyword tweaks for faster gains. Continuous experimentation required.,
ALPHA304,SEO.com GEO Blog,https://www.seo.com/blog/geo-trends/,SEO_GEO_ASO,,HIGH,,PENDING_REVIEW,,,,,,,,,,"Traffic shift inevitable. AI citations > organic clicks. Brand authority = inclusion in AI answers. Measure mentions, not rankings.",
ALPHA306,Yotpo GEO Guide,https://www.yotpo.com/blog/generative-engine-optimization-guide/,SEO_GEO_ASO,,HIGH,,PENDING_REVIEW,,,,,,,,,,Comprehensive GEO checklist. 50% of consumers use AI for discovery = massive shift. Schema + Q&A + author authority = core.,
ALPHA307,Monetizely Advanced Pricing,https://ghl-services-playbooks-automation-crm-marketing.ghost.io/advanced-saas-pricing-psychology-beyond-basic-tiered-models/,MONETIZATION,,HIGHEST,,PENDING_REVIEW,,,,,,,,,,"HIGHEST ROI. 25-60% revenue increase proof. Monetization optimization 2-4x more impactful than acquisition. Low effort, high return.",
ALPHA308,Monetizely 2026 Outlook,https://www.getmonetizely.com/blogs/the-2026-monetization-outlook-the-4-major-market-forces-and-13-resulting-predictions,MONETIZATION,,HIGHEST,,PENDING_REVIEW,,,,,,,,,,"126% YoY credit model growth. Gartner 40% outcome-based forecast. Per-seat dying, value-based winning. Dedicated monetization role emerging.",
ALPHA310,Dev.to Paywall Study,https://dev.to/paywallpro/how-paywall-optimization-transformed-our-subscription-growth-2133,MONETIZATION,,HIGHEST,,PENDING_REVIEW,,,,,,,,,,HIGHEST ROI paywall tactics. 80% proceeds increase + 22% trial conversion proof. Animated paywalls 2.9x better. Higher pricing often wins.,
ALPHA312,UserPilot Conversion Tactics,https://userpilot.com/blog/freemium-to-premium/,MONETIZATION,,HIGH,,PENDING_REVIEW,,,,,,,,,,Contextual prompts > random. Free premium trials work. Phone calls >>> emails for conversion. Feature requests → paid tier strategy.,
ALPHA314,Metronome Pricing Trends,https://metronome.com/blog/pricing-trends-value-era-2025,MONETIZATION,,HIGH,,PENDING_REVIEW,,,,,,,,,,Dedicated monetization role = strategic advantage. Value Era shift validated. AI-driven pricing + outcome contracts = future. Experimentation speed key.,
ALPHA316,Agency Handy Retention Strategies,https://www.agencyhandy.com/subscription-retention-strategies/,MONETIZATION,,HIGH,,PENDING_REVIEW,,,,,,,,,,"Onboarding = most critical retention moment. 96% watch explainer videos. Self-service flexibility reduces churn. Data analysis first, tactics second.",
ALPHA319,@pipelineabuser Visualping Competitor Intel,https://x.com/pipelineabuser,OUTBOUND,,HIGHEST,,PENDING_REVIEW,,,,,,,,,,Competitive intel tool. $5-50/mo. 30-second alert latency. Undercut competitors in real-time.,
ALPHA322,@codyschneiderxx Sorority BDR Hack,https://x.com/codyschneiderxx,OUTBOUND,,HIGH,,PENDING_REVIEW,,,,,,,,,,Labor arbitrage. College students = cheaper + motivated. Relationship skills natural. Part-time flexibility.,
ALPHA324,@maverickecom Nano Banana UGC Factory,https://x.com/maverickecom,CONTENT_FARM,,HIGHEST,,PENDING_REVIEW,,,,,,,,,,$500 → $0.10/video. 38% conversion boost. Service opportunity: sell to brands. Tools: Nano Banana + Kling.,
ALPHA326,@knoxtwts App Marketing Content Framework,https://x.com/knoxtwts,APP_FACTORY,,HIGH,,PENDING_REVIEW,,,,,,,,,,15-30 sec formula. Problem → Solution → Demo → CTA. Screen recordings > talking heads. Post volume matters.,
ALPHA331,@lookonchain On-Chain Whale Tracking,https://x.com/lookonchain,ALGO_TRADING,,HIGH,,PENDING_REVIEW,,,,,,,,,,On-chain signals. Exchange flow = directional indicator. VC unlocks = sell pressure. Arkham for deep tracking.,
ALPHA334,Self-Reply Funnel Strategy,https://x.com/search,GROWTH_HACK,,HIGH,,PENDING_REVIEW,,,,,,,,,,Self-reply > bio link for CTR. 3-5x more clicks. Algorithm shows OP reply first. Use on high-engagement posts.,
ALPHA336,DeliverOn Pre-Warmed Inboxes,https://deliveron.org,OUTBOUND,,HIGH,,PENDING_REVIEW,,,,,,,,,,Skip 21-day warmup. $49/inbox/mo. Instant scaling. Trade money for time. Compare: MailForge $3/inbox DIY.,
ALPHA337,MailForge Bulk Warmup,https://mailforge.ai,OUTBOUND,,HIGH,,PENDING_REVIEW,,,,,,,,,,"Budget option. $3/inbox vs $49/inbox. 21-day wait required. Good for planned growth, not immediate need.",
ALPHA339,@iamgdsa FindMeCreators Micro-Influencer,https://x.com/iamgdsa,CONTENT_FARM,,HIGH,,PENDING_REVIEW,,,,,,,,,,Micro > Mega for ROI. 3-5x engagement. $100-500/post. FindMeCreators for discovery. Niche targeting works.,
ALPHA340,@Hightrafficsite SEO Arbitrage,https://x.com/Hightrafficsite,SEO_GEO_ASO,,HIGH,,PENDING_REVIEW,,,,,,,,,,Domain age arbitrage. Instant DA vs years of building. $500-5000 investment. Check history carefully.,
ALPHA343,@AntonioEscudero 4-Day SaaS Build,https://x.com/AntonioEscudero,APP_FACTORY,,HIGHEST,,PENDING_REVIEW,,,,,,,,,,4-day SaaS validation. Vibe coding approach. Gemini Flash stack. Ship before perfect. Stripe day 1.,
ALPHA346,Lighter Capital Twitter,https://x.com/LighterCapital,MONETIZATION,,HIGHEST,,PENDING_REVIEW,,,,,,,,,,Full guide written to MONEY_METHODS/SAAS/REVENUE_BASED_FINANCING_GUIDE.md. 7 providers compared. RBF unlocks at $15K MRR.,
ALPHA347,@lottsnomad (YC W26),https://x.com/lottsnomad,MONETIZATION,,HIGHEST,,PENDING_REVIEW,,,,,,,,,,344K views on source tweet. $88M/month revenue proof. Adjacent opportunities mapped. Roblox adaptation fits MM011.,
ALPHA348,@mhdfaran Higgsfield AI Influencer Platform,https://x.com/mhdfaran,AI_INFLUENCER,,HIGHEST,,PENDING_REVIEW,,,,,,,,,,NEEDS_VERIFICATION. If true: first-mover in AI influencer monetization. Full analysis at MONEY_METHODS/AI_INFLUENCER/HIGGSFIELD_PLATFORM_ANALYSIS.md,
ALPHA352,YC W26 Batch Research - Clone/Compete/Tool Opportunities,https://www.ycombinator.com/companies?batch=W26,TOOL_ALPHA,,HIGH,,PENDING_REVIEW,,,,,,,,,,Manual research needed - web tools unavailable. Analysis doc: LEDGER/YC_W26_BATCH_ANALYSIS.md. @lottsnomad hook testing already in CS024.,
ALPHA349,@karpathy Vibe Coding Definition,https://x.com/karpathy,TOOL_ALPHA,,HIGHEST,,PENDING_REVIEW,,,,,,,,,,REAL_ALPHA P1. Karpathy coined term with 31K likes 5.3M views. Paradigm shift in app building. Full playbook at OPS/VIBE_CODING_PLAYBOOK.md. Risk: code quality unknown. Mitigation: test-driven vibes.,
ALPHA358,Moon Dev Twitter Space,https://x.com/i/spaces,TOOL_ALPHA,,HIGHEST,,PENDING_REVIEW,,,,,,,,,,751+ listeners signal strong demand. Full guide: MONEY_METHODS/ALGO_TRADING/CLAUDE_CODE_TRADING_BOTS.md. Synergy with existing MM012 infrastructure.,
ALPHA356,@itsolelehmann + @lukeharries,https://x.com/itsolelehmann,APP_FACTORY,,HIGHEST,,PENDING_REVIEW,,,,,,,,,,REAL_ALPHA P1. 566 likes 41K views on source. Unicorn faster than OpenAI. Flat hierarchy culture. Demo-driven growth. Full case study written.,
ALPHA359,@thomasunise + @robj3d3,https://x.com/thomasunise,MONETIZATION,,HIGHEST,,PENDING_REVIEW,,,,,,,,,,Full guide: MONEY_METHODS/SAAS/SAAS_MRR_MILESTONES_PSYCHOLOGY.md. Cross-ref ALPHA351 for $15K RBF details.,
ALPHA360,@shawn_pana + vercel-labs,https://github.com/vercel-labs/agent-browser,TOOL_ALPHA,,HIGHEST,,PENDING_REVIEW,,,,,,,,,,REAL_ALPHA P0. Full research doc at OPS/BROWSER_CONTROL/AGENT_BROWSER_RESEARCH.md. Solves #1 browser automation pain point. Profile sync is game-changer for authenticated scraping.,
ALPHA220,HeyGen,https://heygen.com,AI_INFLUENCER,,HIGH,,PENDING_REVIEW,,,,,,,,,,Tool for video avatar creation. Industry standard for AI influencers.,
ALPHA221,ElevenLabs,https://elevenlabs.io,AI_INFLUENCER,,HIGHEST,,PENDING_REVIEW,,,,,,,,,,Voice synthesis critical for AI persona consistency. Non-negotiable tool.,
ALPHA222,Leonardo.ai,https://leonardo.ai,AI_INFLUENCER,,HIGHEST,,PENDING_REVIEW,,,,,,,,,,Visual consistency tool. Critical for AI influencer credibility.,
ALPHA223,AI Influencer Revenue Model,Multiple sources,AI_INFLUENCER,,HIGHEST,,PENDING_REVIEW,,,,,,,,,,Revenue model overview for AI influencers. Diversification key.,
ALPHA224,AI Influencer ASMR Niche,YouTube ASMR research,AI_INFLUENCER,,HIGH,,PENDING_REVIEW,,,,,,,,,,ASMR niche strategy for AI influencers. Lower barrier to entry.,
ALPHA225,AI Influencer FINDOM Niche,Findom research,AI_INFLUENCER,,HIGHEST,,PENDING_REVIEW,,,,,,,,,,High-revenue niche but higher risk. Adult content compliance required.,
ALPHA226,AI Influencer FTC Compliance,FTC.gov + NY law,AI_INFLUENCER,,HIGHEST,,PENDING_REVIEW,,,,,,,,,,Compliance requirement. Non-negotiable. Legal risk otherwise.,
ALPHA227,AI Influencer Niche Positioning,Cluely case study,AI_INFLUENCER,,HIGH,,PENDING_REVIEW,,,,,,,,,,Positioning strategy. Transparency builds trust faster than hiding AI nature.,
ALPHA228,AI Influencer Fitness Niche,AI_INFLUENCER/FITNESS_COACHES research,AI_INFLUENCER,,HIGH,,PENDING_REVIEW,,,,,,,,,,Fitness niche AI influencer playbook. Combine with APP_FACTORY fitness apps.,
ALPHA229,AI Influencer Faith Niche,AI_INFLUENCER/FAITH_PERSONA research,AI_INFLUENCER,,HIGH,,PENDING_REVIEW,,,,,,,,,,Faith niche AI influencer playbook. Combine with PrayerLock app.,
ALPHA230,AI Influencer Content Calendar Structure,AI_INFLUENCER/content research,AI_INFLUENCER,,HIGH,,PENDING_REVIEW,,,,,,,,,,Content strategy framework. Value-first builds trust for monetization.,
ALPHA231,AI Influencer Tool Stack Starter Budget,AI_INFLUENCER/setup research,AI_INFLUENCER,,HIGHEST,,PENDING_REVIEW,,,,,,,,,,Tool stack for starting AI influencer on budget. $40/mo entry cost.,
ALPHA232,AI Influencer Platform Priority,AI_INFLUENCER/marketing research,AI_INFLUENCER,,HIGH,,PENDING_REVIEW,,,,,,,,,,Platform strategy for AI influencers. Focus beats spreading thin.,
ALPHA233,AI Influencer Realistic Metrics,Industry benchmarks,AI_INFLUENCER,,MEDIUM,,PENDING_REVIEW,,,,,,,,,,Realistic timeline expectations. Prevents premature monetization push.,
ALPHA234,AI Influencer Voice Framing,AI persona best practices,AI_INFLUENCER,,HIGH,,PENDING_REVIEW,,,,,,,,,,Content framing strategy. AI-appropriate language builds trust.,
ALPHA235,AI Influencer Affiliate Integration,AI_INFLUENCER/monetization research,AI_INFLUENCER,,HIGH,,PENDING_REVIEW,,,,,,,,,,Affiliate review structure. Honesty converts better long-term.,
